SITE_ID,SITE,TYPE,LONGITUDE,LATITUDE,DATE_START,DATE_END,LOCATIONS_AVAILABLE,LOCLATLON_PAIRS,NOMINAL_DEPTH_AVAILABLE,YEARS_AVAILABLE,YEAR_RANGE,NUMBER_RECORDS,CLIM_SSTAARS,CLIM_LOGGER,CLIM_FLAT,CLIM_SLOPE,FILE_DATA,FILE_CLIM_SSTAARS,FILE_CLIM_FLAT,FILE_CLIM_SLOPE,FILE_HTML_DASHBOARD
4,Davies Reef,TEMP-LOGGER,147.6458640777778,-18.824415551111112,1996-05-02T14:00:00Z,2019-06-29T23:50:00Z,"WS, SL, FL, CH","DAVAWSL2|-18.83128|147.634, DAVAWSL3|-18.83116|147.63382, DAVSL1|-18.80599997|147.6686167, DAVFL1|-18.80654999|147.6688, DAVAWS|-18.82968|147.63845, DAVAWSL1|-18.83122|147.63391, DAVIESCH1|-18.83008|147.63145, DAVIESCH2|-18.83008|147.63145, DAVCHN3M|-18.80602|147.66887, DAVCHS12M|-18.84775|147.63486, DAVCHS3M|-18.84775|147.63486, DAVCHS6M|-18.84775|147.63486","8.2, 18, 8, 1, 1.5, 8.3, 18.1, 7.7, 4.4, 3.9, 3.8, 8.4, 4, 3.2, 5.7, 2.2, 6, 3.3, NA, 2","1996, 1997, 1998, 1999, 2000, 2001, 2002, 2003, 2004, 2005, 2006, 2007, 2008, 2009, 2010, 2011, 2012, 2013, 2014, 2015, 2016, 2017, 2018, 2019",1996-2019,2519457,TRUE,TRUE,TRUE,TRUE,DaviesReef.csv,DaviesReef_clim-SSTAARS.csv,DaviesReef_clim-FL.csv,DaviesReef_clim-SL.csv,site-4_DaviesReef.html
7,Myrmidon Reef,TEMP-LOGGER,147.381371775,-18.2616539675,1995-04-13T09:00:00Z,2019-05-28T23:50:00Z,"SL, FL","MYRSL1|-18.25716661|147.3812667, MYRSL2A|-18.274247|147.381736, MYRSL2B|-18.274247|147.381736, MYRDSL1|-18.25673|147.38104, MYRFL1|-18.25847226|147.3814444, MYRSL3B|-18.274247|147.381736, MYRSL3A|-18.274247|147.381736","8, 7, 19.2, 7.4, 4, 20, 3.9, 20.1, 3.8, 19, 10, 7.6, 11.4, NA","1995, 1996, 1997, 1998, 1999, 2000, 2001, 2002, 2003, 2004, 2005, 2006, 2007, 2008, 2009, 2010, 2011, 2012, 2013, 2014, 2015, 2017, 2018, 2019","1995-2015, 2017-2019",1411324,TRUE,TRUE,TRUE,TRUE,MyrmidonReef.csv,MyrmidonReef_clim-SSTAARS.csv,MyrmidonReef_clim-FL.csv,MyrmidonReef_clim-SL.csv,site-7_MyrmidonReef.html
743,Rib Reef,TEMP-LOGGER,146.87505566666667,-18.485156338333333,2013-06-03T12:13:37Z,2018-02-24T23:50:00Z,"FL, SL, CH","RIBFL1|-18.47297003|146.87739, RIBSL1|-18.471858|146.878824, RIBCH2|-18.4901|146.87089, RIBCH1|-18.4901|146.87089, RIBCHS2M|-18.49184|146.87433, RIBCHS6M|-18.49201|146.87442, RIBCHS9M|-18.49216|146.87448","1.9, 9.4, 3.4, 3.3, 9.6, 2, NA, 10","2013, 2014, 2015, 2016, 2017, 2018",2013-2018,826940,TRUE,FALSE,FALSE,FALSE,RibReef.csv,RibReef_clim-SSTAARS.csv,NA,NA,site-743_RibReef.html
747,John Brewer,TEMP-LOGGER,147.0630986,-18.632479945,1996-04-23T12:00:00Z,2019-03-04T23:50:00Z,"SL, FL, CH","JBRSL1|-18.61881665|147.0814666, JBRFL1|-18.61895302|147.081091, JBRCH10M|-18.61882|147.08147, JBRCHS2M|-18.64604|147.04471, JBRCHS6M|-18.64611|147.04475, JBRCHS9M|-18.64614|147.045104, JBRFL2|-18.61882|147.08147, JBRCHN2M|-18.61882|147.08147, JBRCHN9M|-18.61882|147.08147","7.5, 3, 8, 2.8, NA","1996, 1997, 1998, 1999, 2000, 2001, 2002, 2003, 2004, 2005, 2006, 2007, 2008, 2009, 2010, 2011, 2016, 2017, 2018, 2019","1996-2011, 2016-2019",1462782,TRUE,TRUE,TRUE,TRUE,JohnBrewer.csv,JohnBrewer_clim-SSTAARS.csv,JohnBrewer_clim-FL.csv,JohnBrewer_clim-SL.csv,site-747_JohnBrewer.html
856,Cattle Bay,TEMP-LOGGER,146.482454,-18.571541166666666,1993-02-11T18:00:00Z,2020-04-02T23:50:00Z,"FL, SL","CBFL2|-18.57185|146.483333, CBSL3|-18.57833|146.48167, CBFL1|-18.569066|146.482017, CBSL1|-18.569066|146.482017, CBFL3|-18.57833|146.48167, CBSL2|-18.571817|146.482983, CBFL4|-18.569117|146.482267, CBSL4|-18.569067|146.482017","3.5, 5, 4, 0, 6, 7, 3, 6.5, 2","1993, 1994, 1995, 1996, 1997, 1998, 1999, 2000, 2001, 2002, 2003, 2004, 2005, 2006, 2007, 2008, 2009, 2010, 2011, 2012, 2013, 2014, 2015, 2016, 2017, 2018, 2019, 2020",1993-2020,1739562,TRUE,TRUE,TRUE,TRUE,CattleBay.csv,CattleBay_clim-SSTAARS.csv,CattleBay_clim-FL.csv,CattleBay_clim-SL.csv,site-856_CattleBay.html
858,Tydeman Cay,TEMP-LOGGER,144.50165333333334,-13.971466666666666,1996-12-07T11:00:00Z,2019-12-04T23:50:00Z,"SL, FL","TYDSL1|-13.97145|144.50168, TYDDSL1|-13.97143|144.50159, TYDFL1|-13.97152|144.50169","8, 24, 23.8, 7.7, 23.7, 7.8, 3.4, 7.1","1996, 1997, 1998, 1999, 2000, 2001, 2002, 2003, 2004, 2005, 2006, 2007, 2008, 2011, 2012, 2013, 2017, 2018, 2019","1996-2008, 2011-2013, 2017-2019",735332,TRUE,TRUE,FALSE,TRUE,TydemanCay.csv,TydemanCay_clim-SSTAARS.csv,NA,TydemanCay_clim-SL.csv,site-858_TydemanCay.html
865,Hayman Island,TEMP-LOGGER,148.89081249999998,-20.049245005,1996-05-29T13:00:00Z,2017-02-27T23:50:00Z,"FL, SL","HAYFL1|-20.04128999|148.88194, HAYSL1|-20.05720002|148.899685","2.1, 9, 2, 8.9, 1.9, NA","1996, 1997, 1998, 1999, 2000, 2001, 2002, 2005, 2006, 2007, 2008, 2010, 2011, 2012, 2013, 2014, 2015, 2016, 2017","1996-2002, 2005-2008, 2010-2017",760257,TRUE,TRUE,TRUE,TRUE,HaymanIsland.csv,HaymanIsland_clim-SSTAARS.csv,HaymanIsland_clim-FL.csv,HaymanIsland_clim-SL.csv,site-865_HaymanIsland.html
866,Daydream Island,TEMP-LOGGER,148.81215,-20.25575,1996-06-26T11:30:00Z,2018-06-20T14:20:00Z,"SL, FL","DAYSL1|-20.25575|148.81215, DAYFL1|-20.25575|148.81215","6.7, 7.2, 7, 4, 7.4, 3.6, 7.1, 3.7, 5, 2, 3.8","1996, 1997, 1998, 1999, 2000, 2001, 2002, 2003, 2004, 2005, 2006, 2007, 2008, 2009, 2010, 2011, 2012, 2013, 2014, 2015, 2016, 2017, 2018",1996-2018,1273982,TRUE,TRUE,TRUE,TRUE,DaydreamIsland.csv,DaydreamIsland_clim-SSTAARS.csv,DaydreamIsland_clim-FL.csv,DaydreamIsland_clim-SL.csv,site-866_DaydreamIsland.html
868,Pelorus Island,TEMP-LOGGER,146.48865849999999,-18.540583,1993-08-04T16:00:00Z,2020-04-02T23:50:00Z,"SL, FL","PISL1|-18.540583|146.48855, PISL2|-18.540583|146.48855, PIFL1|-18.540583|146.488767","5.2, 4.9, 5, 3, 5.1, 2, 2.7","1993, 1994, 1995, 1996, 1997, 1998, 1999, 2000, 2001, 2002, 2010, 2011, 2012, 2013, 2014, 2015, 2016, 2017, 2018, 2019, 2020","1993-2002, 2010-2020",1282292,TRUE,TRUE,TRUE,TRUE,PelorusIsland.csv,PelorusIsland_clim-SSTAARS.csv,PelorusIsland_clim-FL.csv,PelorusIsland_clim-SL.csv,site-868_PelorusIsland.html
876,Dip Reef,TEMP-LOGGER,147.4513289,-18.400956653333335,1996-04-25T22:00:00Z,2019-06-10T23:50:00Z,"SL, FL","DIPSL1|-18.39986659|147.4519, DIPFL1|-18.40148337|147.4510167, DIPSL2|-18.40152|147.45107","9, 3, 9.5, 6, 2.9","1996, 1997, 1998, 1999, 2000, 2001, 2002, 2003, 2004, 2005, 2006, 2007, 2008, 2009, 2010, 2011, 2015, 2016, 2017, 2018, 2019","1996-2011, 2015-2019",719787,TRUE,TRUE,TRUE,TRUE,DipReef.csv,DipReef_clim-SSTAARS.csv,DipReef_clim-FL.csv,DipReef_clim-SL.csv,site-876_DipReef.html
893,East Cay,TEMP-LOGGER,152.56649333333334,-21.470656666666667,1995-11-23T09:30:00Z,2019-04-11T23:50:00Z,"SL, FL","EASDSL1|-21.46948|152.56668, EASFL1|-21.47266|152.56618, EASSL1|-21.46983|152.56662","21, 2, 10, 20.7, 1.7, 9, 10.4, 21.2, 20.6, NA","1995, 1996, 1997, 1998, 1999, 2000, 2001, 2002, 2003, 2004, 2005, 2006, 2007, 2008, 2009, 2010, 2011, 2012, 2013, 2014, 2015, 2016, 2017, 2018, 2019",1995-2019,1603336,TRUE,TRUE,TRUE,TRUE,EastCay.csv,EastCay_clim-SSTAARS.csv,EastCay_clim-FL.csv,EastCay_clim-SL.csv,site-893_EastCay.html
896,Turner Cay,TEMP-LOGGER,152.56141,-21.704530000000002,1995-11-24T12:00:00Z,2018-09-27T23:50:00Z,"SL, FL","TURSL1|-21.7031|152.56049, TURDSL1|-21.70276|152.56062, TURFL1|-21.70773|152.56312","9, 20, 2, 8.8, 20.8, 1.6, NA","1995, 1996, 1997, 1998, 1999, 2000, 2001, 2002, 2003, 2004, 2005, 2006, 2007, 2008, 2009, 2010, 2011, 2012, 2014, 2015, 2016, 2017, 2018","1995-2012, 2014-2018",964674,TRUE,TRUE,TRUE,TRUE,TurnerCay.csv,TurnerCay_clim-SSTAARS.csv,TurnerCay_clim-FL.csv,TurnerCay_clim-SL.csv,site-896_TurnerCay.html
902,"Green Island, Qld",TEMP-LOGGER,145.9751865,-16.766883465,1996-03-26T00:30:00Z,2019-02-26T23:50:00Z,"SL, FL","GRESL1|-16.77547697|145.980343, GREFL1|-16.75828996|145.97003","5.4, 6, 0.3, NA","1996, 1997, 1998, 1999, 2000, 2001, 2002, 2003, 2004, 2005, 2006, 2007, 2008, 2009, 2012, 2013, 2015, 2016, 2017, 2018, 2019","1996-2009, 2012, 2013, 2015-2019",724634,TRUE,TRUE,TRUE,TRUE,GreenIslandQld.csv,GreenIslandQld_clim-SSTAARS.csv,GreenIslandQld_clim-FL.csv,GreenIslandQld_clim-SL.csv,site-902_GreenIslandQld.html
913,Sand Bank No7,TEMP-LOGGER,143.97211333333334,-13.43613,1996-12-07T10:30:00Z,2019-01-15T23:50:00Z,"SL, FL","SANSL1|-13.4361|143.97208, SANDSL1|-13.43601|143.97209, SANFL1|-13.43628|143.97217","8.3, 8, 20, 8.2, 3, 8.7","1996, 1997, 1998, 1999, 2000, 2001, 2002, 2003, 2004, 2005, 2006, 2007, 2008, 2009, 2010, 2011, 2012, 2013, 2017, 2018, 2019","1996-2013, 2017-2019",660661,TRUE,TRUE,FALSE,TRUE,SandBankNo7.csv,SandBankNo7_clim-SSTAARS.csv,NA,SandBankNo7_clim-SL.csv,site-913_SandBankNo7.html
915,Low Isles,TEMP-LOGGER,145.5673805,-16.384776515,1996-03-30T01:00:00Z,2020-02-10T23:50:00Z,"SL, FL","LOWSL1|-16.38647|145.57284, LOWFL1|-16.38308303|145.561921","5, 0.1, 4.9, 1.6, 1","1996, 1997, 1998, 1999, 2000, 2001, 2002, 2003, 2004, 2005, 2006, 2007, 2008, 2009, 2010, 2011, 2014, 2015, 2016, 2017, 2018, 2019, 2020","1996-2011, 2014-2020",878337,TRUE,TRUE,TRUE,TRUE,LowIsles.csv,LowIsles_clim-SSTAARS.csv,LowIsles_clim-FL.csv,LowIsles_clim-SL.csv,site-915_LowIsles.html
923,Geoffrey Bay,TEMP-LOGGER,146.86543700000001,-19.155052857142856,1991-11-20T15:00:00Z,2020-04-05T23:50:00Z,"FL, SL","GBFL3|-19.15493|146.86447, GBMMPSL|-19.15495|146.868483, GBSL3|-19.15483|146.86923, GBSL1|-19.15667|146.86167, GBFL2|-19.15333|146.865, GBFL1|-19.15566|146.86069, GBSL2|-19.155|146.865, GBMMPFL|-19.15483|146.868516","2, 5, 5.9, 6.9, 4, 0, 6, 2.1, 6.7, 6.8, 7, NA","1991, 1992, 1993, 1994, 1995, 1996, 1997, 1998, 1999, 2000, 2001, 2002, 2003, 2004, 2005, 2006, 2007, 2008, 2009, 2010, 2011, 2012, 2013, 2014, 2015, 2016, 2017, 2018, 2019, 2020",1991-2020,2283553,TRUE,TRUE,TRUE,TRUE,GeoffreyBay.csv,GeoffreyBay_clim-SSTAARS.csv,GeoffreyBay_clim-FL.csv,GeoffreyBay_clim-SL.csv,site-923_GeoffreyBay.html
931,Moore Reef,TEMP-LOGGER,146.23470665,-16.849788325,1997-10-22T13:30:00Z,2020-02-16T23:50:00Z,"FL, SL","MORFL1|-16.85191004|146.23358, MORSL1|-16.84766661|146.2358333","1.9, 9.2, 2, 9","1997, 1998, 1999, 2000, 2001, 2002, 2003, 2004, 2005, 2006, 2007, 2008, 2009, 2010, 2011, 2015, 2016, 2017, 2018, 2019, 2020","1997-2011, 2015-2020",736699,TRUE,TRUE,TRUE,TRUE,MooreReef.csv,MooreReef_clim-SSTAARS.csv,MooreReef_clim-FL.csv,MooreReef_clim-SL.csv,site-931_MooreReef.html
942,Arlington Reef,TEMP-LOGGER,146.09888999999998,-16.667588295,1996-03-27T00:30:00Z,2020-02-12T23:50:00Z,"SL, FL","ARLSL1|-16.64609659|146.1107, ARLFL1|-16.68908|146.08708","7.2, 2.4, 2.5, 7, 2, 7.1, 9","1996, 1997, 1998, 1999, 2000, 2001, 2002, 2003, 2004, 2005, 2006, 2007, 2008, 2009, 2010, 2011, 2012, 2013, 2014, 2015, 2016, 2017, 2018, 2019, 2020",1996-2020,1061312,TRUE,TRUE,TRUE,TRUE,ArlingtonReef.csv,ArlingtonReef_clim-SSTAARS.csv,ArlingtonReef_clim-FL.csv,ArlingtonReef_clim-SL.csv,site-942_ArlingtonReef.html
986,Pine Island,TEMP-LOGGER,148.88837,-20.37798,2005-07-10T15:00:00Z,2020-01-16T23:50:00Z,"FL, SL","PINEFL1|-20.37798|148.88837, PINESL1|-20.37798|148.88837","4, 6.7, 3.9, 6.8, 6, 6.5, 6.6, 2, 5, 4.2, 4.5, 7","2005, 2006, 2007, 2008, 2009, 2010, 2011, 2012, 2013, 2014, 2015, 2016, 2017, 2018, 2019, 2020",2005-2020,1355838,TRUE,FALSE,FALSE,FALSE,PineIsland.csv,PineIsland_clim-SSTAARS.csv,NA,NA,site-986_PineIsland.html
988,Double Cone,TEMP-LOGGER,148.72185000000002,-20.104865,2005-07-09T11:00:00Z,2019-09-17T23:50:00Z,"SL, FL","DBLCSL1|-20.10509|148.72191, DBLCFL1|-20.10464|148.72179","6, 5.8, 5.9, 4, 6.6, 5, 3.6, 3.7, 2","2005, 2006, 2007, 2008, 2009, 2010, 2011, 2012, 2013, 2014, 2015, 2016, 2017, 2018, 2019",2005-2019,1110190,TRUE,FALSE,FALSE,FALSE,DoubleCone.csv,DoubleCone_clim-SSTAARS.csv,NA,NA,site-988_DoubleCone.html
990,Seaforth Island,TEMP-LOGGER,149.03894,-20.46845,2005-07-13T11:00:00Z,2020-01-16T23:50:00Z,"SL, FL","SEAFSL1|-20.46845|149.03894, SEAFFL1|-20.46845|149.03894","6.6, 7, 4, 5, 3.7, 3.5, 6.9, 2, NA","2005, 2006, 2007, 2008, 2009, 2010, 2011, 2012, 2013, 2014, 2015, 2016, 2017, 2018, 2019, 2020",2005-2020,1274438,TRUE,FALSE,FALSE,FALSE,SeaforthIsland.csv,SeaforthIsland_clim-SSTAARS.csv,NA,NA,site-990_SeaforthIsland.html
992,Dent Island,TEMP-LOGGER,148.93822,-20.34498,2005-12-18T10:00:00Z,2019-07-09T23:50:00Z,"SL, FL","DNTSL1|-20.34498|148.93822, DNTFL1|-20.34498|148.93822","7.6, 2, 5, 4.2","2005, 2006, 2007, 2008, 2009, 2011, 2012, 2013, 2014, 2015, 2016, 2017, 2018, 2019","2005-2009, 2011-2019",725214,TRUE,FALSE,FALSE,FALSE,DentIsland.csv,DentIsland_clim-SSTAARS.csv,NA,NA,site-992_DentIsland.html
1001,Yonge Reef,TEMP-LOGGER,145.61551219999998,-14.574682203333333,2006-03-05T00:00:00Z,2018-12-03T23:50:00Z,"FL, SL","YONFL1|-14.58085|145.6136, YONSL1|-14.57011661|145.6182666, YONFL2|-14.57308|145.61467","2, 6, NA","2006, 2007, 2014, 2015, 2016, 2017, 2018","2006, 2007, 2014-2018",261212,TRUE,FALSE,FALSE,FALSE,YongeReef.csv,YongeReef_clim-SSTAARS.csv,NA,NA,site-1001_YongeReef.html
1005,Dunk Island,TEMP-LOGGER,146.14613,-17.92628165,2004-10-21T17:00:00Z,2020-02-01T23:50:00Z,"SL, FL","DUNKSL1|-17.92628|146.14613, DUNKFL1|-17.9262833|146.14613","5.5, 3, 5, 5.3, 3.6, 5.2, 5.4, 5.6, 2, 3.7, 3.5, 5.1, NA","2004, 2005, 2006, 2007, 2008, 2009, 2010, 2011, 2012, 2013, 2014, 2015, 2016, 2017, 2018, 2019, 2020",2004-2020,1286710,TRUE,FALSE,FALSE,FALSE,DunkIsland.csv,DunkIsland_clim-SSTAARS.csv,NA,NA,site-1005_DunkIsland.html
1007,Nth Barnards (Jesse Is),TEMP-LOGGER,146.17443,-17.671985,2005-08-11T12:30:00Z,2019-06-16T23:50:00Z,"FL, SL","NBARFL1|-17.67223|146.17421, NBARSL1|-17.67174|146.17465","2, 5, 3.4, 6.5","2005, 2006, 2007, 2008, 2009, 2011, 2012, 2013, 2017, 2018, 2019","2005-2009, 2011-2013, 2017-2019",534095,TRUE,FALSE,FALSE,FALSE,NthBarnardsJesseIs.csv,NthBarnardsJesseIs_clim-SSTAARS.csv,NA,NA,site-1007_NthBarnardsJesseIs.html
1009,High Island,TEMP-LOGGER,146.01092766666667,-17.16303,2004-10-23T10:30:00Z,2020-02-02T23:50:00Z,"SL, FL","HIGHSL2|-17.16215|146.006983, HIGHFL2|-17.16215|146.006983, HIGHSL1|-17.16357|146.01322, HIGHFL1|-17.16337|146.01258","5.3, 4, 6, 3.7, 5, 2, 1, 5.4, 5.6, 5.2, 5.5","2004, 2005, 2006, 2007, 2008, 2009, 2010, 2011, 2012, 2013, 2014, 2015, 2016, 2017, 2018, 2019, 2020",2004-2020,1227554,TRUE,FALSE,FALSE,FALSE,HighIsland.csv,HighIsland_clim-SSTAARS.csv,NA,NA,site-1009_HighIsland.html
1011,Fitzroy Island,TEMP-LOGGER,145.99300666666667,-16.926223333333333,1996-03-27T12:00:00Z,2020-02-02T23:50:00Z,"SL, FL","FITZSL2|-16.92315|145.99625, FITZFL2|-16.92332|145.99627, FITZSL1|-16.9322|145.9865","6, 6.3, 6.1, 3, 2, 3.8, 5.9, 5, 3.1","1996, 2004, 2005, 2006, 2007, 2008, 2009, 2010, 2011, 2012, 2013, 2014, 2015, 2016, 2017, 2018, 2019, 2020","1996, 2004-2020",1294893,TRUE,TRUE,FALSE,TRUE,FitzroyIsland.csv,FitzroyIsland_clim-SSTAARS.csv,NA,FitzroyIsland_clim-SL.csv,site-1011_FitzroyIsland.html
1013,Frankland Islands,TEMP-LOGGER,146.08318500000001,-17.215985,1998-11-02T09:30:00Z,2020-02-02T23:50:00Z,"FL, SL","FRNKFL2|-17.22697|146.09037, FRNKSL2|-17.22697|146.09037, FRNKSL1|-17.205|146.076, FRNKFL1|-17.205|146.076","3.4, 6.5, 6.7, 6, 0, 7, 3, 2, 6.6, 3.2, 6.8, 5, NA","1998, 1999, 2004, 2005, 2006, 2007, 2008, 2009, 2010, 2011, 2012, 2013, 2014, 2015, 2016, 2017, 2018, 2019, 2020","1998, 1999, 2004-2020",1176712,TRUE,TRUE,FALSE,TRUE,FranklandIslands.csv,FranklandIslands_clim-SSTAARS.csv,NA,FranklandIslands_clim-SL.csv,site-1013_FranklandIslands.html
1032,Willis Island,TEMP-LOGGER,149.963455,-16.28797,2006-05-08T09:30:00Z,2019-06-16T23:50:20Z,FL,"WILLFL1|-16.28626|149.96204, WILLFL2|-16.28968|149.96487","2.5, 2.2, 2.3, 2.6, 3, NA","2006, 2007, 2008, 2010, 2011, 2012, 2016, 2017, 2018, 2019","2006-2008, 2010-2012, 2016-2019",412236,TRUE,FALSE,FALSE,FALSE,WillisIsland.csv,WillisIsland_clim-SSTAARS.csv,NA,FranklandIslands_clim-SL.csv,site-1032_WillisIsland.html
1037,Pandora Reef,TEMP-LOGGER,146.43223946,-18.814331994,2007-07-04T09:30:00Z,2020-04-04T23:50:00Z,"FL, SL, CH","PANFL1|-18.8164|146.434067, PANSL1|-18.8168|146.434567, PANSL2|-18.81156664|146.43005, PANCH1|-18.81286|146.42653, PANFL2|-18.81403333|146.4359833","4, 7.8, 7, 5.6, 6.7, 4.2, 4.1, 7.9, 8, 7.7, 3.9, 5, 3.2, 2, NA, 8.8, 3","2007, 2008, 2009, 2010, 2011, 2012, 2013, 2014, 2015, 2016, 2017, 2018, 2019, 2020",2007-2020,1846905,TRUE,FALSE,FALSE,FALSE,PandoraReef.csv,PandoraReef_clim-SSTAARS.csv,NA,NA,site-1037_PandoraReef.html
1045,Snapper Island North,TEMP-LOGGER,145.4967,-16.2921415,2007-03-17T00:00:00Z,2019-08-07T23:50:00Z,"SL, FL","SNAPISSL1|-16.291883|145.496517, SNAPISFL1|-16.2924|145.496883","6.9, 2.2, 2.1, 2, 7, 7.1, 5, 7.2, 2.3, NA","2007, 2008, 2009, 2010, 2011, 2012, 2013, 2014, 2015, 2016, 2017, 2018, 2019",2007-2019,1389001,TRUE,FALSE,FALSE,FALSE,SnapperIslandNorth.csv,SnapperIslandNorth_clim-SSTAARS.csv,NA,NA,site-1045_SnapperIslandNorth.html
1047,Chicken Reef,TEMP-LOGGER,147.7218055,-18.653761083333332,1996-04-27T10:00:00Z,2018-04-26T10:00:00Z,"SL, FL","CHISL1|-18.65211661|147.7216999, CHIFL1|-18.65336669|147.7198833, CHISL2|-18.65579995|147.7238333","7.5, 7.4, 7, 3, 6, 2.5, 2.7, 7.6, NA, 7.7, 9","1996, 1997, 1998, 1999, 2000, 2001, 2002, 2003, 2004, 2005, 2006, 2007, 2008, 2009, 2010, 2011, 2012, 2013, 2014, 2015, 2016, 2017, 2018",1996-2018,964800,TRUE,TRUE,TRUE,TRUE,ChickenReef.csv,ChickenReef_clim-SSTAARS.csv,ChickenReef_clim-FL.csv,ChickenReef_clim-SL.csv,site-1047_ChickenReef.html
1058,Shute and Tancred Islands,TEMP-LOGGER,148.798283,-20.30085,2007-01-27T13:30:00Z,2018-06-15T23:50:00Z,"FL, SL","SHTANFL1|-20.30085|148.798283, SHTANSL1|-20.30085|148.798283","2, 7, 3.6, 6.8, 4, 5","2007, 2008, 2009, 2010, 2012, 2013, 2014, 2015, 2016, 2017, 2018","2007-2010, 2012-2018",596730,TRUE,FALSE,FALSE,FALSE,ShuteandTancredIslands.csv,ShuteandTancredIslands_clim-SSTAARS.csv,NA,NA,site-1058_ShuteandTancredIslands.html
1060,Northeast Reef,TEMP-LOGGER,146.494875,-18.571758,2002-03-12T10:30:00Z,2020-04-02T23:50:00Z,"FL, SL","NEFL1|-18.571783|146.494683, NESL1|-18.571733|146.495067","4, 6, 3.6, 6.5, 2, 5","2002, 2003, 2004, 2005, 2008, 2009, 2010, 2011, 2012, 2013, 2014, 2016, 2017, 2018, 2019, 2020","2002-2005, 2008-2014, 2016-2020",652713,TRUE,FALSE,FALSE,FALSE,NortheastReef.csv,NortheastReef_clim-SSTAARS.csv,NA,NA,site-1060_NortheastReef.html
1066,Lady Elliot Reef,TEMP-LOGGER,146.33275500000002,-18.680005,2006-08-23T13:30:00Z,2020-04-03T23:50:00Z,"FL, SL","LELLFL1|-18.67984|146.33247, LELLSL1|-18.68017|146.33304","2, 5","2006, 2007, 2008, 2012, 2013, 2014, 2016, 2017, 2018, 2019, 2020","2006-2008, 2012-2014, 2016-2020",481370,TRUE,FALSE,FALSE,FALSE,LadyElliotReef.csv,LadyElliotReef_clim-SSTAARS.csv,NA,NA,site-1066_LadyElliotReef.html
1070,Flinders Reef,TEMP-LOGGER,148.4480485,-17.7148235,2007-06-22T10:00:00Z,2020-02-26T23:50:00Z,FL,"FLINDERSSL1|-17.717367|148.445167, FLINDERSSL2|-17.71228|148.45093","3.7, 4, 3.6, 9","2007, 2008, 2009, 2010, 2012, 2013, 2017, 2018, 2019, 2020","2007-2010, 2012, 2013, 2017-2020",377291,TRUE,FALSE,FALSE,FALSE,FlindersReef.csv,FlindersReef_clim-SSTAARS.csv,NA,NA,site-1070_FlindersReef.html
1075,Havannah Island,TEMP-LOGGER,146.54096555555566,-18.842089996666665,2007-07-03T13:00:00Z,2020-04-03T23:50:00Z,"FL, SL","HAVFL1|-18.84721999|146.54283, HAVSL1|-18.84755|146.5427, HAVSL2|-18.8315|146.537366666667","2, 5, 6.4, 8, 6","2007, 2008, 2009, 2011, 2012, 2013, 2015, 2016, 2017, 2018, 2019, 2020","2007-2009, 2011-2013, 2015-2020",692954,TRUE,FALSE,FALSE,FALSE,HavannahIsland.csv,HavannahIsland_clim-SSTAARS.csv,NA,NA,site-1075_HavannahIsland.html
1166,Lizard Island,TEMP-LOGGER,145.45586745,-14.689758300000001,1995-10-27T12:00:00Z,2018-12-04T23:50:00Z,"SL, FL","LIZSL1|-14.69113327|145.4695183, LIZFL1|-14.68838333|145.4422166","7, 2.1, 7.2, 7.5, 6.7","1995, 1996, 1997, 1998, 1999, 2000, 2001, 2002, 2003, 2004, 2005, 2006, 2007, 2008, 2009, 2010, 2011, 2012, 2013, 2014, 2016, 2017, 2018","1995-2014, 2016-2018",709989,TRUE,TRUE,TRUE,TRUE,LizardIsland.csv,LizardIsland_clim-SSTAARS.csv,LizardIsland_clim-FL.csv,LizardIsland_clim-SL.csv,site-1166_LizardIsland.html
1995,Linnet Reef,TEMP-LOGGER,145.351382,-14.783157679999999,2014-12-08T14:02:24Z,2018-12-06T23:50:00Z,"FL, SL","LINNETFL1|-14.78107335|145.34738, LINNETSL1|-14.78524201|145.355384","NA, 0","2014, 2015, 2016, 2017, 2018",2014-2018,209967,TRUE,FALSE,FALSE,FALSE,LinnetReef.csv,LinnetReef_clim-SSTAARS.csv,NA,NA,site-1995_LinnetReef.html
1996,North Direction Island,TEMP-LOGGER,145.51466716666667,-14.745646093333333,2010-10-27T13:24:18Z,2018-12-13T23:50:00Z,"SL, FL","NDIRECTIONSL3|-14.74983333|145.5149833, NDIRECTIONFL1|-14.74346166|145.5135766, NDIRECTIONSL1|-14.74364329|145.5154416","9.8, 2, 1.9, NA, 0","2010, 2011, 2012, 2013, 2014, 2016, 2017, 2018","2010-2014, 2016-2018",528836,TRUE,FALSE,FALSE,FALSE,NorthDirectionIsland.csv,NorthDirectionIsland_clim-SSTAARS.csv,NA,NA,site-1996_NorthDirectionIsland.html
2015,Thetford Reef,TEMP-LOGGER,146.1966133,-16.799154965,2011-02-06T11:10:20Z,2020-02-14T23:50:00Z,"SL, FL","THETSL1|-16.79879995|146.1981166, THETFL1|-16.79950998|146.19511","8.9, 9, NA","2011, 2012, 2015, 2016, 2017, 2018, 2019, 2020","2011, 2012, 2015-2020",524181,TRUE,FALSE,FALSE,FALSE,ThetfordReef.csv,ThetfordReef_clim-SSTAARS.csv,NA,NA,site-2015_ThetfordReef.html
2256,Chinaman Reef,TEMP-LOGGER,152.66631665,-21.997615,2012-01-07T12:33:03Z,2020-01-15T23:50:00Z,"SL, FL","CHINAMANSL1|-21.99795|152.6686, CHINAMANFL1|-21.99728|152.6640333","9.5, 9, 2.5, 2, 10, 2.3, NA","2012, 2013, 2014, 2015, 2016, 2017, 2018, 2019, 2020",2012-2020,624729,TRUE,FALSE,FALSE,FALSE,ChinamanReef.csv,ChinamanReef_clim-SSTAARS.csv,NA,NA,site-2256_ChinamanReef.html
2257,Snake Reef,TEMP-LOGGER,152.19430849999998,-22.0234415,2010-12-07T11:15:30Z,2018-09-29T23:50:00Z,"SL, FL","SNAKESL1|-22.023733|152.1958, SNAKEFL1|-22.02315|152.192817","8.5, NA","2010, 2011, 2012, 2014, 2015, 2016, 2017, 2018","2010-2012, 2014-2018",305849,TRUE,FALSE,FALSE,FALSE,SnakeReef.csv,SnakeReef_clim-SSTAARS.csv,NA,NA,site-2257_SnakeReef.html
2295,Cherepo,TEMP-LOGGER,142.27991,-10.68933,2013-12-10T18:20:27Z,2017-12-05T23:56:08Z,FL,CHEREPOFL1|-10.68933|142.27991,"1.3, NA","2013, 2014, 2015, 2016, 2017",2013-2017,136077,TRUE,FALSE,FALSE,FALSE,Cherepo.csv,Cherepo_clim-SSTAARS.csv,NA,NA,site-2295_Cherepo.html
2560,19-131 Reef,TEMP-LOGGER,149.37940700000001,-19.765156994999998,2011-03-12T11:46:51Z,2019-04-20T23:50:00Z,"SL, FL","19131SL1|-19.76617397|149.380234, 19131FL1|-19.76414002|149.37858","7.8, 7.9, NA, 2","2011, 2012, 2013, 2014, 2015, 2016, 2017, 2018, 2019",2011-2019,532138,TRUE,FALSE,FALSE,FALSE,19131Reef.csv,19-131Reef_clim-SSTAARS.csv,NA,NA,site-2560_19131Reef.html
2561,19-138 Reef,TEMP-LOGGER,149.4251933,-19.804643300000002,2011-03-14T15:53:50Z,2019-04-21T23:50:00Z,"SL, FL","19138SL1|-19.8068666|149.4304666, 19138FL1|-19.80242|149.41992","7.4, NA","2011, 2012, 2013, 2014, 2015, 2016, 2017, 2018, 2019",2011-2019,533149,TRUE,FALSE,FALSE,FALSE,19138Reef.csv,19-138Reef_clim-SSTAARS.csv,NA,NA,site-2561_19138Reef.html
2562,19-159 Reef,TEMP-LOGGER,149.91490829999998,-19.66449499,2011-03-20T18:08:10Z,2017-02-17T23:50:00Z,"SL, FL","19159SL1|-19.66285|149.9151666, 19159FL1|-19.66613998|149.91465","8.5, NA","2011, 2012, 2013, 2015, 2016, 2017","2011-2013, 2015-2017",324836,TRUE,FALSE,FALSE,FALSE,19159Reef.csv,19-159Reef_clim-SSTAARS.csv,NA,NA,site-2562_19159Reef.html
2563,Hyde Reef,TEMP-LOGGER,150.081595,-19.742240000000002,2011-03-19T17:11:38Z,2017-02-18T23:50:00Z,"FL, SL","HYDEFL1|-19.74567|150.08219, HYDESL1|-19.73881|150.081","2.4, 9, NA","2011, 2012, 2013, 2014, 2015, 2016, 2017",2011-2017,526438,TRUE,FALSE,FALSE,FALSE,HydeReef.csv,HydeReef_clim-SSTAARS.csv,NA,NA,site-2563_HydeReef.html
2564,20-104 Reef,TEMP-LOGGER,149.69325,-20.02861002,2015-02-01T00:00:00Z,2017-02-16T23:50:00Z,FL,20104FL1|-20.02861002|149.69325,NA,"2015, 2016, 2017",2015-2017,107568,TRUE,FALSE,FALSE,FALSE,20104Reef.csv,20-104Reef_clim-SSTAARS.csv,NA,NA,site-2564_20104Reef.html
2565,Langford Island,TEMP-LOGGER,148.87930745,-20.082817505,2011-03-23T14:05:05Z,2017-03-01T23:50:00Z,"FL, SL","LANGFORDFL1|-20.08769003|148.88478, LANGFORDSL1|-20.07794498|148.8738349","2, 9.1, NA","2011, 2012, 2013, 2015, 2016, 2017","2011-2013, 2015-2017",437466,TRUE,FALSE,FALSE,FALSE,LangfordIsland.csv,LangfordIsland_clim-SSTAARS.csv,NA,NA,site-2565_LangfordIsland.html
2566,Rebe Reef,TEMP-LOGGER,150.155555,-19.793445,2011-03-18T12:27:57Z,2019-04-26T23:50:00Z,"FL, SL","REBEFL1|-19.79497|150.14986, REBESL1|-19.79192|150.16125","2, 8.7, 2.1, 8.1, NA","2011, 2012, 2013, 2014, 2015, 2016, 2017, 2018, 2019",2011-2019,847441,TRUE,FALSE,FALSE,FALSE,RebeReef.csv,RebeReef_clim-SSTAARS.csv,NA,NA,site-2566_RebeReef.html
2567,Border Island,TEMP-LOGGER,149.03483,-20.17643,2011-03-24T16:39:59Z,2017-03-02T23:50:00Z,"SL, FL","BORDERSL1|-20.18189|149.03772, BORDERFL1|-20.17097|149.03194","8.9, 1.6, 9.3, NA","2011, 2012, 2013, 2014, 2015, 2016, 2017",2011-2017,512070,TRUE,FALSE,FALSE,FALSE,BorderIsland.csv,BorderIsland_clim-SSTAARS.csv,NA,NA,site-2567_BorderIsland.html
2681,Small Lagoon Reef,TEMP-LOGGER,152.52498,-21.867350000000002,2011-11-23T12:28:42Z,2020-01-19T23:50:00Z,"FL, SL","SMLLAGFL1|-21.86777|152.52388, SMLLAGSL1|-21.86693|152.52608","NA, 8, 1.7, 10.4, 10","2011, 2012, 2013, 2014, 2015, 2016, 2017, 2018, 2019, 2020",2011-2020,640387,TRUE,FALSE,FALSE,FALSE,SmallLagoonReef.csv,SmallLagoonReef_clim-SSTAARS.csv,NA,NA,site-2681_SmallLagoonReef.html
2682,21-245 Reef,TEMP-LOGGER,152.4445,-21.297224999999997,2011-11-20T11:10:39Z,2019-09-12T23:50:00Z,"SL, FL","21245SL1|-21.29647|152.44648, 21245FL1|-21.29798|152.44252","7.8, NA, 8","2011, 2012, 2013, 2016, 2017, 2018, 2019","2011-2013, 2016-2019",493650,TRUE,FALSE,FALSE,FALSE,21245Reef.csv,21-245Reef_clim-SSTAARS.csv,NA,NA,site-2682_21245Reef.html
2683,21-278 Reef,TEMP-LOGGER,152.5502,-21.10853,2011-11-19T11:42:22Z,2016-01-06T20:47:12Z,SL,21278SL1|-21.10853|152.5502,"8, 8.3","2011, 2012, 2013, 2014, 2015, 2016",2011-2016,217406,TRUE,FALSE,FALSE,FALSE,21278Reef.csv,21-278Reef_clim-SSTAARS.csv,NA,NA,site-2683_21278Reef.html
2684,21-296 Reef,TEMP-LOGGER,152.56557,-21.32832,2013-11-30T12:55:05Z,2016-01-09T15:45:05Z,SL,21296SL1|-21.32832|152.56557,NA,"2013, 2014, 2015, 2016",2013-2016,110898,TRUE,FALSE,FALSE,FALSE,21296Reef.csv,21-296Reef_clim-SSTAARS.csv,NA,NA,site-2684_21296Reef.html
2685,21-062 Reef,TEMP-LOGGER,150.853575,-21.027265,2013-12-07T11:15:16Z,2018-03-06T23:50:00Z,"SL, FL","21062SL1|-21.02656|150.85378, 21062FL1|-21.02797|150.85337","NA, 2.5, 7","2013, 2014, 2015, 2016, 2017, 2018",2013-2018,328336,TRUE,FALSE,FALSE,FALSE,21062Reef.csv,21-062Reef_clim-SSTAARS.csv,NA,NA,site-2685_21062Reef.html
2686,21-139 Reef,TEMP-LOGGER,151.4654,-21.454965,2013-12-06T13:29:58Z,2018-03-18T23:50:00Z,"SL, FL","21139SL1|-21.45473|151.4654, 21139FL1|-21.4552|151.4654","NA, 2.6, 8","2013, 2014, 2015, 2016, 2017, 2018",2013-2018,338297,TRUE,FALSE,FALSE,FALSE,21139Reef.csv,21-139Reef_clim-SSTAARS.csv,NA,NA,site-2686_21139Reef.html
2687,21-187 Reef,TEMP-LOGGER,151.63988999999998,-21.406309999999998,2013-12-05T17:14:13Z,2018-03-17T23:54:38Z,"SL, FL","21187SL1|-21.4054|151.6384, 21187FL1|-21.40722|151.64138","NA, 1.5, 8","2013, 2014, 2015, 2016, 2017, 2018",2013-2018,331341,TRUE,FALSE,FALSE,FALSE,21187Reef.csv,21-187Reef_clim-SSTAARS.csv,NA,NA,site-2687_21187Reef.html
2688,Mackay Reef,TEMP-LOGGER,145.6525583,-16.04109167,2015-03-17T01:00:00Z,2019-02-18T23:50:00Z,"FL, SL","MACKAYFL1|-16.03986667|145.6506333, MACKAYSL1|-16.04231667|145.6544833",NA,"2015, 2016, 2017, 2018, 2019",2015-2019,412690,TRUE,FALSE,FALSE,FALSE,MackayReef.csv,MackayReef_clim-SSTAARS.csv,NA,NA,site-2688_MackayReef.html
2689,St Crispin Reef,TEMP-LOGGER,145.84451665,-16.07231667,2014-03-15T11:07:57Z,2019-12-13T23:50:00Z,"FL, SL","STCRISPFL1|-16.07331667|145.84375, STCRISPSL1|-16.07131667|145.8452833","2, 9, 1.6, 9.2, NA","2014, 2015, 2016, 2017, 2018, 2019",2014-2019,554185,TRUE,FALSE,FALSE,FALSE,StCrispinReef.csv,StCrispinReef_clim-SSTAARS.csv,NA,NA,site-2689_StCrispinReef.html
2690,Opal Reef,TEMP-LOGGER,145.90351085,-16.203810805,2015-05-13T00:00:00Z,2016-09-12T23:50:00Z,"SL, FL","OPALSL1|-16.20339163|145.9065083, OPALFL1|-16.20422998|145.9005134",NA,"2015, 2016","2015, 2016",83662,TRUE,FALSE,FALSE,FALSE,OpalReef.csv,OpalReef_clim-SSTAARS.csv,NA,NA,site-2690_OpalReef.html
2691,Michaelmas Reef,TEMP-LOGGER,146.04769950000002,-16.550740965,2015-03-17T01:00:00Z,2019-05-24T23:50:00Z,"SL, FL","MICHAELMASSL1|-16.54864993|146.05, MICHAELMASFL1|-16.552832|146.045399",NA,"2015, 2016, 2017, 2018, 2019",2015-2019,312179,TRUE,FALSE,FALSE,FALSE,MichaelmasReef.csv,MichaelmasReef_clim-SSTAARS.csv,NA,NA,site-2691_MichaelmasReef.html
2692,Peart Reef,TEMP-LOGGER,146.4025616,-17.46705334,2012-02-27T17:37:56Z,2020-02-21T23:50:00Z,"FL, SL","PEARTFL1|-17.46758337|146.4020333, PEARTSL1|-17.46652331|146.4030899","2.7, 3, 8, NA","2012, 2013, 2014, 2015, 2016, 2017, 2018, 2019, 2020",2012-2020,638924,TRUE,FALSE,FALSE,FALSE,PeartReef.csv,PeartReef_clim-SSTAARS.csv,NA,NA,site-2692_PeartReef.html
2693,Feather Reef,TEMP-LOGGER,146.38960079999998,-17.518480805,2012-02-28T16:56:25Z,2020-02-22T23:50:00Z,"SL, FL","FEATHSL1|-17.51794495|146.3905349, FEATHFL1|-17.51901666|146.3886667","7.6, 1.8, NA, 8, 2, 3, 7","2012, 2013, 2014, 2015, 2016, 2017, 2018, 2019, 2020",2012-2020,752679,TRUE,FALSE,FALSE,FALSE,FeatherReef.csv,FeatherReef_clim-SSTAARS.csv,NA,NA,site-2693_FeatherReef.html
2700,Horseshoe Reef,TEMP-LOGGER,152.61791,-22.02281,2015-02-01T00:00:00Z,2018-09-16T07:20:00Z,"FL, SL","HORSESHOEFL1|-22.02275|152.61659, HORSESHOESL1|-22.02287|152.61923","NA, 8.3, 1.5","2015, 2016, 2017, 2018",2015-2018,293948,TRUE,FALSE,FALSE,FALSE,HorseshoeReef.csv,HorseshoeReef_clim-SSTAARS.csv,NA,NA,site-2700_HorseshoeReef.html
2701,Hedley Reef,TEMP-LOGGER,146.47720329999999,-17.22428832,2012-02-25T12:00:19Z,2020-02-18T23:50:00Z,"SL, FL","HEDLSL1|-17.22505996|146.4790399, HEDLFL1|-17.22351668|146.4753667","NA, 9, 2","2012, 2013, 2014, 2015, 2016, 2017, 2018, 2019, 2020",2012-2020,639479,TRUE,FALSE,FALSE,FALSE,HedleyReef.csv,HedleyReef_clim-SSTAARS.csv,NA,NA,site-2701_HedleyReef.html
2702,McCulloch Reef,TEMP-LOGGER,146.47961660000001,-17.28410661,2015-12-13T00:10:00Z,2020-02-19T23:50:00Z,SL,MCCULLSL1|-17.28410661|146.4796166,"9, NA","2015, 2016, 2017, 2018, 2019, 2020",2015-2020,220030,TRUE,FALSE,FALSE,FALSE,McCullochReef.csv,McCullochReef_clim-SSTAARS.csv,NA,NA,site-2702_McCullochReef.html
2703,Farquharson Reef,TEMP-LOGGER,146.53195415,-17.79055667,2015-12-17T00:10:00Z,2020-02-23T23:50:00Z,"SL, FL","FARQSL1|-17.79116331|146.5324083, FARQFL1|-17.78995003|146.5315","7, 1.5","2015, 2016, 2017, 2018, 2019, 2020",2015-2020,440060,TRUE,FALSE,FALSE,FALSE,FarquharsonReef.csv,FarquharsonReef_clim-SSTAARS.csv,NA,NA,site-2703_FarquharsonReef.html
2704,Taylor Reef,TEMP-LOGGER,146.57096415,-17.811395,2015-12-18T00:10:00Z,2020-02-25T23:50:00Z,"FL, SL","TAYLORFL1|-17.81206668|146.5703167, TAYLORSL1|-17.81072332|146.5716116","2, NA","2015, 2016, 2017, 2018, 2019, 2020",2015-2020,334797,TRUE,FALSE,FALSE,FALSE,TaylorReef.csv,TaylorReef_clim-SSTAARS.csv,NA,NA,site-2704_TaylorReef.html
2707,Helix Reef,TEMP-LOGGER,147.29666495,-18.620172465000003,2012-04-21T17:38:45Z,2018-02-25T23:50:00Z,"SL, FL","HELIXSL1|-18.62006497|147.2975599, HELIXFL1|-18.62027996|147.29577","8.5, NA, 9","2012, 2013, 2014, 2015, 2016, 2017, 2018",2012-2018,382804,TRUE,FALSE,FALSE,FALSE,HelixReef.csv,HelixReef_clim-SSTAARS.csv,NA,NA,site-2707_HelixReef.html
2709,Knife Reef,TEMP-LOGGER,147.57655499999998,-18.57155583,2012-04-23T17:55:30Z,2018-04-23T09:50:00Z,"FL, SL","KNIFEFL1|-18.57204001|147.57592, KNIFESL1|-18.57107165|147.57719","1.9, 9, NA","2012, 2013, 2014, 2015, 2016, 2017, 2018",2012-2018,224266,TRUE,FALSE,FALSE,FALSE,KnifeReef.csv,KnifeReef_clim-SSTAARS.csv,NA,NA,site-2709_KnifeReef.html
2710,Centipede Reef,TEMP-LOGGER,147.55398,-18.73235833,2012-04-27T18:42:42Z,2016-05-18T20:32:42Z,SL,CENTSL1|-18.73235833|147.55398,NA,"2012, 2013, 2014, 2015, 2016",2012-2016,213420,TRUE,FALSE,FALSE,FALSE,CentipedeReef.csv,CentipedeReef_clim-SSTAARS.csv,NA,NA,site-2710_CentipedeReef.html
2711,Tern Reef,TEMP-LOGGER,150.0276581666665,-20.900666666666652,2012-01-20T10:56:25Z,2019-09-26T23:50:00Z,"SL, FL","TERNSL1|-20.899|150.028933333333, TERNFL1|-20.9023333333333|150.026383","6.9, 4.5","2012, 2013, 2014, 2016, 2017, 2018, 2019","2012-2014, 2016-2019",303601,TRUE,FALSE,FALSE,FALSE,TernReef.csv,TernReef_clim-SSTAARS.csv,NA,NA,site-2711_TernReef.html
2712,Pompey Reef (No 1),TEMP-LOGGER,150.55765300000002,-20.920805,2011-11-16T12:44:23Z,2018-03-20T23:50:00Z,"SL, FL","POMPEY1SL1|-20.9215|150.557139, POMPEY1FL1|-20.92011|150.558167","9.2, NA","2011, 2012, 2013, 2014, 2016, 2017, 2018","2011-2014, 2016-2018",233317,TRUE,FALSE,FALSE,FALSE,PompeyReefNo1.csv,PompeyReefNo1_clim-SSTAARS.csv,NA,NA,site-2712_PompeyReefNo1.html
2713,Penrith Reef,TEMP-LOGGER,149.8875233,-21.00315831,2012-01-21T11:04:21Z,2018-03-13T23:50:00Z,SL,PENRITHSL1|-21.00315831|149.8875233,"7.9, 10","2012, 2013, 2014, 2016, 2017, 2018","2012-2014, 2016-2018",222525,TRUE,FALSE,FALSE,FALSE,PenrithReef.csv,PenrithReef_clim-SSTAARS.csv,NA,NA,site-2713_PenrithReef.html
2714,21-591 Reef,TEMP-LOGGER,150.380733,-21.02662,2012-01-19T11:01:00Z,2018-03-22T23:50:00Z,SL,21591SL1|-21.02662|150.380733,"8.1, 9","2012, 2013, 2014, 2016, 2017, 2018","2012-2014, 2016-2018",224649,TRUE,FALSE,FALSE,FALSE,21591Reef.csv,21-591Reef_clim-SSTAARS.csv,NA,NA,site-2714_21591Reef.html
2715,21-550 Reef,TEMP-LOGGER,152.311845,-21.95411,2013-09-02T17:33:47Z,2020-01-12T23:50:00Z,"FL, SL","21550FL1|-21.94707|152.30689, 21550SL1|-21.96115|152.3168","NA, 1.7, 9","2013, 2014, 2015, 2016, 2017, 2018, 2019, 2020",2013-2020,544012,TRUE,FALSE,FALSE,FALSE,21550Reef.csv,21-550Reef_clim-SSTAARS.csv,NA,NA,site-2715_21550Reef.html
2760,Gannet Cay Reef,TEMP-LOGGER,152.47417,-21.97837,2014-09-04T00:00:00Z,2018-09-24T23:50:00Z,FL,GANNETFL1|-21.97837|152.47417,NA,"2014, 2015, 2016, 2017, 2018",2014-2018,213119,TRUE,FALSE,FALSE,FALSE,GannetCayReef.csv,GannetCayReef_clim-SSTAARS.csv,NA,NA,site-2760_GannetCayReef.html
2842,Martin,TEMP-LOGGER,145.3722333,-14.75529992,2014-12-07T11:20:44Z,2018-12-08T23:50:00Z,SL,MARTSL1|-14.75529992|145.3722333,NA,"2014, 2015, 2016, 2017, 2018",2014-2018,210578,TRUE,FALSE,FALSE,FALSE,Martin.csv,Martin_clim-SSTAARS.csv,NA,NA,site-2842_Martin.html
2844,No Name,TEMP-LOGGER,145.6453333,-14.62786666,2016-12-11T00:10:00Z,2018-12-02T23:50:00Z,SL,NONAMESL1|-14.62786666|145.6453333,8.2,"2016, 2017, 2018",2016-2018,103967,TRUE,FALSE,FALSE,FALSE,NoName.csv,NoName_clim-SSTAARS.csv,NA,NA,site-2844_NoName.html
3020,Bedarra Island,TEMP-LOGGER,146.148058,-18.009532999999998,2016-07-08T00:10:00Z,2019-06-17T23:50:00Z,"FL, SL","BDRAFL1|-18.009366|146.148033, BDRASL1|-18.0097|146.148083","2, 5","2016, 2017, 2018, 2019",2016-2019,256747,TRUE,FALSE,FALSE,FALSE,BedarraIsland.csv,BedarraIsland_clim-SSTAARS.csv,NA,NA,site-3020_BedarraIsland.html
3123,Hastings Reef,TEMP-LOGGER,146.0196785,-16.500431480000003,2015-12-05T00:10:00Z,2019-02-22T23:50:00Z,"FL, SL","HASTFL1|-16.50132998|146.01704, HASTSL1|-16.49953298|146.022317","2, 9, NA","2015, 2016, 2017, 2018, 2019",2015-2019,337387,TRUE,FALSE,FALSE,FALSE,HastingsReef.csv,HastingsReef_clim-SSTAARS.csv,NA,NA,site-3123_HastingsReef.html
3140,Repulse,TEMP-LOGGER,148.8625,-20.57793,2015-07-11T15:55:23Z,2020-01-16T23:50:00Z,SL,REPUSL1|-20.57793|148.8625,"2, NA","2015, 2016, 2017, 2018, 2019, 2020",2015-2020,164204,TRUE,FALSE,FALSE,FALSE,Repulse.csv,Repulse_clim-SSTAARS.csv,NA,NA,site-3140_Repulse.html
3340,Holbourne Island East,TEMP-LOGGER,148.3645335,-19.7335085,2016-05-02T00:10:00Z,2019-10-11T23:50:00Z,"SL, FL","HOLESL1|-19.73325|148.3644, HOLEFL1|-19.733767|148.364667","NA, 5, 2","2016, 2017, 2018, 2019",2016-2019,327881,TRUE,FALSE,FALSE,FALSE,HolbourneIslandEast.csv,HolbourneIslandEast_clim-SSTAARS.csv,NA,NA,site-3340_HolbourneIslandEast.html
3341,Camp Island East,TEMP-LOGGER,147.905167,-19.8508,2016-05-04T00:10:00Z,2019-10-13T23:50:00Z,FL,CAMEFL1|-19.8508|147.905167,"NA, 2","2016, 2017, 2018, 2019",2016-2019,180284,TRUE,FALSE,FALSE,FALSE,CampIslandEast.csv,CampIslandEast_clim-SSTAARS.csv,NA,NA,site-3341_CampIslandEast.html
3460,Lagoon Reef,TEMP-LOGGER,143.73994,-12.392444999999999,2017-11-21T00:10:00Z,2019-11-30T23:50:00Z,"FL, SL","LAGFL1|-12.39229|143.74004, LAGSL1|-12.3926|143.73984","1.8, 8.5","2017, 2018, 2019",2017-2019,167325,TRUE,FALSE,FALSE,FALSE,LagoonReef.csv,LagoonReef_clim-SSTAARS.csv,NA,NA,site-3460_LagoonReef.html
3480,Curd Reef,TEMP-LOGGER,143.511235,-12.584975,2017-11-23T00:10:00Z,2019-01-16T23:50:00Z,"FL, SL","CURDFL1|-12.58528|143.51122, CURDSL1|-12.58467|143.51125","1.7, 7.6","2017, 2018, 2019",2017-2019,120958,TRUE,FALSE,FALSE,FALSE,CurdReef.csv,CurdReef_clim-SSTAARS.csv,NA,NA,site-3480_CurdReef.html
3500,Moore Reef-Coral Sea,TEMP-LOGGER,149.15158,-15.88657,2017-12-02T00:10:00Z,2020-03-06T23:50:00Z,"FL, SL","MOOREFL1|-15.88657|149.15158, MOORESL1|-15.88657|149.15158","2, 9","2017, 2018, 2019, 2020",2017-2020,237886,TRUE,FALSE,FALSE,FALSE,MooreReefCoralSea.csv,MooreReef-CoralSea_clim-SSTAARS.csv,NA,NA,site-3500_MooreReefCoralSea.html
3702,Agincourt Reef Number 1,TEMP-LOGGER,145.86699135,-16.039080130000002,2014-03-16T11:04:01Z,2019-02-17T23:50:00Z,"SL, FL","AG1SL1|-16.0383833|145.8687667, AG1FL1|-16.03977696|145.865216","10.2, 9, 0","2014, 2015, 2016, 2017, 2018, 2019",2014-2019,247130,TRUE,FALSE,FALSE,FALSE,AgincourtReefNumber1.csv,AgincourtReefNumber1_clim-SSTAARS.csv,NA,NA,site-3702_AgincourtReefNumber1.html
